onset	duration	trial_type
18.9998854	0.033	prevmatch_yoked
59.3827364	0.033	prevmatch_yoked
70.1333013	0.033	prevmatch_yoked
73.5334647	0.033	prevmatch_yoked
102.257819	0.033	prevmatch_yoked
107.091013	0.033	prevmatch_yoked
228.714723	0.033	prevmatch_yoked
281.198158	0.033	prevmatch_yoked
287.031446	0.033	prevmatch_yoked
291.4317	0.033	prevmatch_yoked
292.406726	0.033	prevmatch_yoked
341.964044	0.033	prevmatch_yoked
393.472433	0.033	prevmatch_yoked
406.097026	0.033	prevmatch_yoked
427.955066	0.033	prevmatch_yoked
435.746434	0.033	prevmatch_yoked
460.038572	0.033	prevmatch_yoked
463.929796	0.033	prevmatch_yoked
486.329811	0.033	prevmatch_yoked
503.829632	0.033	prevmatch_yoked
21.9249901	0.033	prevmatch
24.850177	0.033	prevmatch
53.083452	0.033	prevmatch
65.7410954	0.033	prevmatch
66.7161028	0.033	prevmatch
71.5913213	0.033	prevmatch
75.9575295	0.033	prevmatch
86.1910102	0.033	prevmatch
118.299566	0.033	prevmatch
127.548955	0.033	prevmatch
142.157638	0.033	prevmatch
144.098738	0.033	prevmatch
158.640416	0.033	prevmatch
163.482643	0.033	prevmatch
166.398778	0.033	prevmatch
179.557444	0.033	prevmatch
187.84079	0.033	prevmatch
223.840478	0.033	prevmatch
248.6317	0.033	prevmatch
268.04855	0.033	prevmatch
297.272927	0.033	prevmatch
309.847527	0.033	prevmatch
330.305489	0.033	prevmatch
336.613764	0.033	prevmatch
349.239417	0.033	prevmatch
366.247215	0.033	prevmatch
370.614362	0.033	prevmatch
416.805531	0.033	prevmatch
430.880206	0.033	prevmatch
440.129639	0.033	prevmatch
470.730099	0.033	prevmatch
473.680263	0.033	prevmatch
479.51354	0.033	prevmatch
505.77071	0.033	prevmatch
508.67986	0.033	prevmatch
517.429271	0.033	prevmatch
526.204683	0.033	prevmatch
530.578886	0.033	prevmatch
539.337307	0.033	prevmatch
542.729465	0.033	prevmatch
47.4582311	0.033	red
52.299451	0.033	red
92.7163047	0.033	red
206.531655	0.033	red
239.590191	0.033	red
307.606391	0.033	red
335.347723	0.033	red
363.97206	0.033	red
466.546869	0.033	red
518.57933	0.033	red
533.204061	0.033	red
535.629173	0.033	red
